First Name,Last Name,Address,Address 2,City,State,Zip Code,Contact Birthday,email address
Barbara,Black,12345 Home Street,,Columbia,SC,29210,,
Barbara,Siders,31245 House Street,,Columbia,SC,29210,,
Mary,Holden,21345 Test Street,,West Columbia,SC,29169,,
Mary Sue,Holder,213 Testing Street,,Irmo,SC,29063,,
David,Jennings,1236 First Street South Ext,,Columbia,SC,29209,,dave@leveragedmedia.com
Amy,Nunamaker,PO Box 5143,,Columbia,SC,29250,9/17/2009,
First Name,Last Name,Address,Address 2,City,State,Zip Code,Contact Birthday,email address
Barbara,Black,12345 Home Street,,Columbia,SC,29210,,
Barbara,Siders,31245 House Street,,Columbia,SC,29210,,
Mary,Holden,21345 Test Street,,West Columbia,SC,29169,,
Mary Sue,Holder,213 Testing Street,,Irmo,SC,29063,,
David,Jennings,1236 First Street South Ext,,Columbia,SC,29209,,dave@leveragedmedia.com
Amy,Nunamaker,PO Box 5143,,Columbia,SC,29250,9/17/2009,
